"Alfred","Hawkins","a.hawkins@randatmail.com"
"Eddy","West","e.west@randatmail.com"
"Rubie","Moore","r.moore@randatmail.com"
"Alina","Perry","a.perry@randatmail.com"
"Ryan","Murray","r.murray@randatmail.com"
"Isabella","Sullivan","i.sullivan@randatmail.com"
"Daisy","Howard","d.howard@randatmail.com"
"Lucas","Ellis","l.ellis@randatmail.com"
"Jacob","Hunt","j.hunt@randatmail.com"
"Owen","Stewart","o.stewart@randatmail.com"
"Maddie","Harris","m.harris@randatmail.com"
"Caroline","Roberts","c.roberts@randatmail.com"
"Aston","Morgan","a.morgan@randatmail.com"
"Adam","Farrell","a.farrell@randatmail.com"
"Lilianna","Stewart","l.stewart@randatmail.com"
"Michael","Harrison","m.harrison@randatmail.com"
"Arthur","Wilson","a.wilson@randatmail.com"
"Alina","Thomas","a.thomas@randatmail.com"
"Alfred","Barrett","a.barrett@randatmail.com"
"Briony","Harper","b.harper@randatmail.com"
"Natalie","Gibson","n.gibson@randatmail.com"
"Sarah","Kelley","s.kelley@randatmail.com"
"Tara","Davis","t.davis@randatmail.com"
"William","Martin","w.martin@randatmail.com"
"Daisy","Murray","d.murray@randatmail.com"
"Tara","Harris","t.harris@randatmail.com"
"Miranda","Stevens","m.stevens@randatmail.com"
"Gianna","Spencer","g.spencer@randatmail.com"
"Patrick","Crawford","p.crawford@randatmail.com"
"Sienna","Bennett","s.bennett@randatmail.com"
"Amelia","Stewart","a.stewart@randatmail.com"
"Alexander","Bennett","a.bennett@randatmail.com"
"Anna","Turner","a.turner@randatmail.com"
"Chester","West","c.west@randatmail.com"
"Eleanor","Edwards","e.edwards@randatmail.com"
"Jordan","Henderson","j.henderson@randatmail.com"
"Nicholas","Barrett","n.barrett@randatmail.com"
"Lilianna","Harper","l.harper@randatmail.com"
"Carina","Clark","c.clark@randatmail.com"
"Aida","Wright","a.wright@randatmail.com"
"Anna","Foster","a.foster@randatmail.com"
"Edith","Crawford","e.crawford@randatmail.com"
"Mike","Kelley","m.kelley@randatmail.com"
"Reid","Murphy","r.murphy@randatmail.com"
"Penelope","Carroll","p.carroll@randatmail.com"
"Reid","Cooper","r.cooper@randatmail.com"
"Justin","Cunningham","j.cunningham@randatmail.com"
"Savana","Cameron","s.cameron@randatmail.com"
"Victor","Gibson","v.gibson@randatmail.com"
"Sabrina","Cameron","s.cameron@randatmail.com"
"Rebecca","Brown","r.brown@randatmail.com"
"Ellia","Elliott","e.elliott@randatmail.com"
"David","Riley","d.riley@randatmail.com"
"Natalie","Walker","n.walker@randatmail.com"
"Tiana","Grant","t.grant@randatmail.com"
"Adelaide","Fowler","a.fowler@randatmail.com"
"Eric","Sullivan","e.sullivan@randatmail.com"
"Alexia","Morris","a.morris@randatmail.com"
"James","Morgan","j.morgan@randatmail.com"
"Amy","Warren","a.warren@randatmail.com"
"Ryan","Jones","r.jones@randatmail.com"
"Sawyer","Harris","s.harris@randatmail.com"
"Dainton","Thompson","d.thompson@randatmail.com"
"Lily","West","l.west@randatmail.com"
"Chester","Nelson","c.nelson@randatmail.com"
"Aiden","Harrison","a.harrison@randatmail.com"
"Isabella","Cunningham","i.cunningham@randatmail.com"
"Edwin","Ferguson","e.ferguson@randatmail.com"
"Alen","Adams","a.adams@randatmail.com"
"Chelsea","Martin","c.martin@randatmail.com"
"Violet","Ferguson","v.ferguson@randatmail.com"
"Ryan","Harris","r.harris@randatmail.com"
"Penelope","Bennett","p.bennett@randatmail.com"
"Kate","Lloyd","k.lloyd@randatmail.com"
"Anna","Allen","a.allen@randatmail.com"
"Camila","Phillips","c.phillips@randatmail.com"
"Madaline","West","m.west@randatmail.com"
"George","Carroll","g.carroll@randatmail.com"
"Ryan","Nelson","r.nelson@randatmail.com"
"Naomi","Gray","n.gray@randatmail.com"
"Rebecca","Cole","r.cole@randatmail.com"
"Dominik","Harper","d.harper@randatmail.com"
"Antony","Clark","a.clark@randatmail.com"
"Caroline","Morris","c.morris@randatmail.com"
"Eddy","Martin","e.martin@randatmail.com"
"Ryan","Harper","r.harper@randatmail.com"
"Harold","Armstrong","h.armstrong@randatmail.com"
"Carl","Stevens","c.stevens@randatmail.com"
"Rebecca","Parker","r.parker@randatmail.com"
"Ashton","Kelley","a.kelley@randatmail.com"
"Maya","Foster","m.foster@randatmail.com"
"Melanie","Ross","m.ross@randatmail.com"
"Florrie","Anderson","f.anderson@randatmail.com"
"Lilianna","Carroll","l.carroll@randatmail.com"
"Kristian","Murray","k.murray@randatmail.com"
"Elise","Harrison","e.harrison@randatmail.com"
"James","Kelly","j.kelly@randatmail.com"
"Darcy","Dixon","d.dixon@randatmail.com"
"Belinda","Brown","b.brown@randatmail.com"
"James","Kelly","j.kelly@randatmail.com"
"Anna","Craig","a.craig@randatmail.com"
"Vincent","Davis","v.davis@randatmail.com"
"Henry","Wilson","h.wilson@randatmail.com"
"Eddy","Murray","e.murray@randatmail.com"
"Byron","Thomas","b.thomas@randatmail.com"
"Sienna","Russell","s.russell@randatmail.com"
"Adelaide","Alexander","a.alexander@randatmail.com"
"Sydney","Hawkins","s.hawkins@randatmail.com"
"Melanie","Warren","m.warren@randatmail.com"
"Joyce","Miller","j.miller@randatmail.com"
"Carina","Parker","c.parker@randatmail.com"
"Brooke","Allen","b.allen@randatmail.com"
"Albert","Bailey","a.bailey@randatmail.com"
"Andrew","Davis","a.davis@randatmail.com"
"Alan","Alexander","a.alexander@randatmail.com"
"Rosie","Miller","r.miller@randatmail.com"
"Chester","Smith","c.smith@randatmail.com"
"Emma","Howard","e.howard@randatmail.com"
"Maximilian","Lloyd","m.lloyd@randatmail.com"
"Tony","Cooper","t.cooper@randatmail.com"
"Eleanor","Andrews","e.andrews@randatmail.com"
"Nicholas","Gibson","n.gibson@randatmail.com"
"Myra","Mason","m.mason@randatmail.com"
"Florrie","Wells","f.wells@randatmail.com"
"Lucia","Perkins","l.perkins@randatmail.com"
"Savana","Cooper","s.cooper@randatmail.com"
"Audrey","Russell","a.russell@randatmail.com"
"Paige","Brooks","p.brooks@randatmail.com"
"Maria","Wells","m.wells@randatmail.com"
"Mary","Harrison","m.harrison@randatmail.com"
"Maria","Stevens","m.stevens@randatmail.com"
"Lucia","Ferguson","l.ferguson@randatmail.com"
"Elian","Harper","e.harper@randatmail.com"
"Kellan","Roberts","k.roberts@randatmail.com"
"Alexia","Edwards","a.edwards@randatmail.com"
"Briony","Ryan","b.ryan@randatmail.com"
"Alford","Hall","a.hall@randatmail.com"
"Roland","Cooper","r.cooper@randatmail.com"
"Violet","Edwards","v.edwards@randatmail.com"
"Savana","Martin","s.martin@randatmail.com"
"Audrey","Warren","a.warren@randatmail.com"
"Violet","Adams","v.adams@randatmail.com"
"Myra","Edwards","m.edwards@randatmail.com"
"Belinda","Murray","b.murray@randatmail.com"
"Jordan","Lloyd","j.lloyd@randatmail.com"
"Aida","Myers","a.myers@randatmail.com"
"Lucy","Kelly","l.kelly@randatmail.com"
"Brad","Baker","b.baker@randatmail.com"
"Marcus","Holmes","m.holmes@randatmail.com"
"Garry","Hunt","g.hunt@randatmail.com"
"Amy","Murray","a.murray@randatmail.com"
"Henry","Phillips","h.phillips@randatmail.com"
"Reid","Richardson","r.richardson@randatmail.com"
"Isabella","Turner","i.turner@randatmail.com"
"Jacob","Richards","j.richards@randatmail.com"
"Melanie","Edwards","m.edwards@randatmail.com"
"Luke","Reed","l.reed@randatmail.com"
"Paige","Barnes","p.barnes@randatmail.com"
"Max","Cole","m.cole@randatmail.com"
"Darcy","Parker","d.parker@randatmail.com"
"Alexia","Douglas","a.douglas@randatmail.com"
"Freddie","Murphy","f.murphy@randatmail.com"
"Amanda","Elliott","a.elliott@randatmail.com"
"Vincent","Holmes","v.holmes@randatmail.com"
"Ada","Mitchell","a.mitchell@randatmail.com"
"Brooke","Casey","b.casey@randatmail.com"
"Michael","Fowler","m.fowler@randatmail.com"
"Amelia","Higgins","a.higgins@randatmail.com"
"Sarah","Thomas","s.thomas@randatmail.com"
"Jacob","Casey","j.casey@randatmail.com"
"Briony","Ferguson","b.ferguson@randatmail.com"
"Honey","Carroll","h.carroll@randatmail.com"
"Carlos","Armstrong","c.armstrong@randatmail.com"
"Edwin","Hall","e.hall@randatmail.com"
"Victor","Scott","v.scott@randatmail.com"
"Adrianna","Ferguson","a.ferguson@randatmail.com"
"Stuart","Chapman","s.chapman@randatmail.com"
"Kate","Montgomery","k.montgomery@randatmail.com"
"Carlos","Hunt","c.hunt@randatmail.com"
"Cadie","Reed","c.reed@randatmail.com"
"Albert","Ferguson","a.ferguson@randatmail.com"
"David","Carter","d.carter@randatmail.com"
"Sawyer","Cameron","s.cameron@randatmail.com"
"Dale","Campbell","d.campbell@randatmail.com"
"April","Stewart","a.stewart@randatmail.com"
"Adrian","Russell","a.russell@randatmail.com"
"Alexander","Wells","a.wells@randatmail.com"
"Paul","Riley","p.riley@randatmail.com"
"Catherine","Payne","c.payne@randatmail.com"
"Sienna","Wilson","s.wilson@randatmail.com"
"Arthur","Hunt","a.hunt@randatmail.com"
"Jack","Moore","j.moore@randatmail.com"
"Vincent","Chapman","v.chapman@randatmail.com"
"Chester","Johnson","c.johnson@randatmail.com"
"Maria","Moore","m.moore@randatmail.com"
"Melissa","Brooks","m.brooks@randatmail.com"
"Audrey","Alexander","a.alexander@randatmail.com"
"Alexander","Higgins","a.higgins@randatmail.com"
"Garry","Ross","g.ross@randatmail.com"
"Alexia","Elliott","a.elliott@randatmail.com"
